X,Y,WEATHER_STATIONS_ID,STATION_CODE,STATION_NAME,STATION_ACRONYM,LATITUDE,LONGITUDE,ELEVATION,INSTALL_DATE,OBJECTID
-123.564855557047,49.4280527637204,1,1002,TS ELPHINSTONE,FES,49.428047,-123.56484,593,2008/03/06 23:00:00+00,965058
-123.718946418287,48.8241945197126,2,1013,NORTH COWICHAN (EC),VOO,48.824189,-123.718931,60,2008/05/08 22:00:00+00,965059
-123.700015586881,49.4604885492442,3,1016,SECHELT (EC),VOU,49.460483,-123.7,86,2008/05/08 22:00:00+00,965060
-119.293598924692,52.1222561947724,4,1108,BLUE RIVER 2,FBL,52.12225,-119.293583,684,2011/06/27 22:00:00+00,965061
-124.614710308724,50.1035054665221,5,1025,TS THEODOSIA,FDS,50.1035,-124.614694,87,2008/07/16 22:00:00+00,965062
-121.836532058008,49.7234029784999,6,1040,BIG SILVER 2,FIG,49.723397,-121.836517,561,2009/06/17 22:00:00+00,965063
-120.381961910881,56.5583395249317,7,1045,OSBORN,FOB,56.558333,-120.381944,700,2009/06/29 22:00:00+00,965112
-121.654965505479,50.3511169288536,8,1055,SPLINTLUM,FUM,50.351111,-121.65495,424,2009/10/20 22:00:00+00,965113
-125.130904935602,50.2709221104068,9,1056,TS MAURELLE,FTE,50.270917,-125.130889,168,2010/03/09 23:00:00+00,965114
-123.387232271548,49.585505591182,10,1066,TS MCNABB,FSB,49.5855,-123.387217,154,2010/04/13 22:00:00+00,965115
-115.225291760824,49.0469508810526,11,1075,KOOCANUSA,FKC,49.046944,-115.225278,804,2010/06/09 22:00:00+00,965116
-120.411987744725,51.2111171170342,12,1082,MAYSON,FAY,51.211111,-120.411972,1315,2010/07/07 22:00:00+00,965117
-123.410015873144,50.619727830908,13,1083,MEAGER CREEK,FGR,50.619722,-123.41,545,2010/07/13 22:00:00+00,965118
-125.292915988761,50.0266053822576,14,1093,QUINSAM BASE FWX,FQB,50.0266,-125.2929,78,2010/09/29 22:00:00+00,965119
-126.433949554113,50.3701385552063,15,945,TS NAKA CREEK,FNX,50.370133,-126.433933,515,2006/08/08 22:00:00+00,965120
-137.576189289055,60.7729536605534,16,964,HAINES JUNCTION FIRE yfs,HJF,60.77295,-137.576167,610,2007/12/30 23:00:00+00,965121
-127.927620634191,60.0069381850331,17,965,IRON CREEK YFS,IRO,60.006933,-127.9276,684,2006/12/30 23:00:00+00,965122
-131.188354098988,60.0025046844623,18,967,SWIFT RIVER (YFS),SWI,60.0025,-131.188333,878,2006/12/30 23:00:00+00,965123
-125.164516376928,51.3735054429779,19,1387,PLUMMER HUT,,51.3735,-125.1645,2712,2019/10/22 22:00:00+00,965124
-120.173237227969,49.5557003619059,20,1392,MCNULTY EXT,,49.555694,-120.173222,1595,2020/10/05 22:00:00+00,965125
-125.121815732776,49.2074053726044,21,1398,TS NAHMINT,,49.2074,-125.1218,341,2020/07/27 22:00:00+00,965126
-120.74418198348,50.121394825061,22,1399,MERRITT 2 HUB,FMH,50.121389,-120.744167,640,2020/07/22 22:00:00+00,965127
-123.323183644649,53.8653946543009,23,175,BEDNESTI,FBD,53.865389,-123.323167,858,1995/06/24 22:00:00+00,965128
-126.517240494701,53.9867483347151,24,178,PEDEN,FPD,53.986743,-126.517223,747,1989/10/29 23:00:00+00,965129
-125.759800486069,54.2590474412605,25,181,BURNS LAKE 850M,FBU,54.259042,-125.759783,830,1994/01/09 23:00:00+00,965130
-123.764459344748,48.5161165010708,26,1141,MARTINS GULCH (CRD),CGU,48.516111,-123.764444,512,2012/08/26 22:00:00+00,965131
-123.749459360383,48.5861165056943,27,1143,4RW6 (CRD),4RW,48.586111,-123.749444,665,2012/08/26 22:00:00+00,965132
-121.637542957152,49.1040335707934,28,1144,FORD MOUNTAIN,FFN,49.104028,-121.637528,247,2012/08/21 22:00:00+00,965133
-121.651696768186,54.1695759817806,29,1165,SEVEREID,FID,54.16957,-121.65168,798,2013/11/05 23:00:00+00,965134
-123.706821350294,48.5722275094073,30,1166,NORTH BASIN (CRD),CNB,48.572222,-123.706806,180,2014/04/26 22:00:00+00,965135
-119.392487589785,51.3130894438012,31,1176,MUDPIT,FMP,51.313083,-119.392472,870,2014/06/14 22:00:00+00,965136
-116.950264380476,49.3576174132895,32,1203,DARKWOODS,FDW,49.357611,-116.95025,1657,2014/10/14 22:00:00+00,965137
-124.449882802344,49.8180224751239,33,1218,POWELL RIVER WEST LAKE,FPO,49.818017,-124.449867,164,2015/06/22 22:00:00+00,965138
-123.277115691026,50.0708056247315,34,1221,MOUNT CAYLEY,,50.0708,-123.2771,1592,2015/06/30 22:00:00+00,965139
-119.338626975343,52.8597284233252,35,1268,VALEMOUNT AIRPORT,FVM,52.859722,-119.338611,788,2016/08/21 22:00:00+00,965140
-129.093354041568,59.8928050076955,36,1270,OLD FADDY,FOF,59.8928,-129.093333,866,2016/08/22 22:00:00+00,965141
-126.262697389444,52.1345747260943,37,1275,APE LAKE,,52.134569,-126.262681,1414,2016/10/03 22:00:00+00,965142
-126.140761012963,51.6555859287796,38,1276,MACHMELL KLINIKLINI,,51.655581,-126.140744,1609,2016/10/01 22:00:00+00,965143
-119.569515009697,49.8832060485199,39,1277,WEST KELOWNA,FWK,49.8832,-119.5695,650,2016/10/31 22:00:00+00,965144
-123.033348656404,50.0833386536818,40,1283,CHEAKAMUS,FCM,50.083333,-123.033333,595,2017/05/10 22:00:00+00,965145
-119.176126265594,50.6905617378241,41,1323,LARCH HILLS WEST,,50.690556,-119.176111,892,2018/06/14 22:00:00+00,965146
-120.79251511175,49.4697002864263,42,1330,LODESTONE EXT,FLO,49.469694,-120.7925,1543,2018/07/05 22:00:00+00,965147
-119.220292580871,49.2700060539611,43,1332,GRIZZLY EXT,FGZ,49.27,-119.220278,1520,2018/07/05 22:00:00+00,965148
-121.490182369703,49.9736328311193,44,1339,BOOTHROYD,,49.973627,-121.490167,348,2018/08/19 22:00:00+00,965149
-125.769546469946,51.3800253676248,45,1348,KLINAKLINI,,51.38002,-125.76953,1532,2018/01/11 23:00:00+00,965150
-124.950197260098,51.101875460605,46,1349,HOMATHKO,,51.10187,-124.950181,1481,2018/01/11 23:00:00+00,965151
-126.356316200121,50.2257552604727,47,1350,LOWER CAIN,,50.22575,-126.3563,1295,2018/05/11 22:00:00+00,965152
-119.726959609604,50.4972282632688,48,1359,STATION BAY 2,,50.497222,-119.726944,1100,2019/05/29 22:00:00+00,965153
-126.032713176732,49.6102274792074,49,1362,TS BURMAN,,49.610222,-126.032697,77,2019/07/02 22:00:00+00,965154
-122.281126574314,49.8744501335404,50,1375,FRANK CREEK,FCT,49.874444,-122.281111,305,2019/05/22 22:00:00+00,965155
-130.678380340248,56.7116436792129,51,1377,FORRESTKERR,,56.711639,-130.678361,276,2019/07/14 22:00:00+00,965156
-127.079627413266,50.2678107739609,52,1378,TS ATLUCK,,50.267806,-127.079611,462,2019/07/15 22:00:00+00,965157
-124.758071333142,49.4038943230281,53,1383,CHEF CREEK TEST,,49.403889,-124.758056,456,2019/08/14 22:00:00+00,965158
-126.94833458162,54.8012382904062,54,182,GANOKWA,FGK,54.801233,-126.948317,844,1993/12/31 23:00:00+00,965159
-122.595766654743,53.4112836343005,55,187,HIXON,FHX,53.411278,-122.59575,615,1988/12/11 23:00:00+00,965160
-123.608794654137,53.4937835055899,56,189,CHILAKO,FCK,53.493778,-123.608778,814,1991/07/03 22:00:00+00,965161
-122.105516610385,53.5259503007708,57,190,JERRY,FJR,53.525944,-122.1055,997,1991/08/16 22:00:00+00,965162
-120.152793977466,53.2948394406816,58,195,MCBRIDE,FMR,53.294833,-120.152778,714,1980/08/12 22:00:00+00,965163
-120.858460806875,53.5764504622138,59,199,CATFISH,FCF,53.576444,-120.858444,866,1994/04/27 22:00:00+00,965164
-123.350016476214,52.5422279083372,60,206,TAUTRI,FTT,52.542222,-123.35,1085,1990/08/10 22:00:00+00,965165
-120.99763565534,51.2377759480049,61,235,YOUNG LAKE,FYK,51.23777,-120.99762,1170,2001/08/02 22:00:00+00,965166
-121.716682521863,51.3750058672117,62,236,MEADOW LAKE,FML,51.375,-121.716667,1070,1988/11/01 23:00:00+00,965167
-119.881698461063,51.2531390824695,63,243,EAST BARRIERE,FBR,51.253133,-119.881683,631,1989/02/23 23:00:00+00,965168
-120.650015727864,51.6700060096953,64,244,WINDY MOUNTAIN,FWM,51.67,-120.65,1580,1992/05/09 22:00:00+00,965169
-119.113365402438,51.5226731875849,65,250,HARBOUR LAKE,FHL,51.522667,-119.11335,1525,1992/07/20 22:00:00+00,965170
-119.838332344079,50.8878890692637,66,253,CAHILTY,FCY,50.887883,-119.838317,1543,1989/10/10 22:00:00+00,965171
-121.513349488806,52.6150059428335,67,255,LIKELY RS,FLK,52.615,-121.513333,1046,1991/03/21 23:00:00+00,965172
-121.761683156573,53.261672635679,68,262,BIG VALLEY,FBG,53.261667,-121.761667,1355,1991/03/26 23:00:00+00,965173
-120.985016020465,52.391672699491,69,264,PRAIRIE CREEK,FPR,52.391667,-120.985,1015,1990/05/30 22:00:00+00,965174
-119.413398900789,51.9787728733725,70,267,BERRY,FBE,51.978767,-119.413383,1469,1990/07/26 22:00:00+00,965175
-120.866065191523,49.7151558903676,71,279,THYNNE,FTH,49.71515,-120.86605,1407,1990/06/06 22:00:00+00,965176
-117.05711498077,51.435706426492,72,866,BLAEBERRY,FEB,51.4357,-117.0571,861,2004/05/31 22:00:00+00,965177
-117.957792758548,50.7650062832523,73,873,CRAWFORD,FCO,50.765,-117.957778,887,2004/07/29 22:00:00+00,965178
-119.002865184214,50.8634731670464,74,882,SICAMOUS,FIC,50.863467,-119.00285,1115,2004/09/27 22:00:00+00,965179
-123.109282686103,50.1443366477183,75,896,CALLAGHAN VALLEY (EC),VOD,50.144331,-123.109267,869,2005/05/04 22:00:00+00,965180
-126.58973362278,52.3872552906425,76,904,HAGENSBORG 2,FHG,52.38725,-126.589717,47,2005/07/12 22:00:00+00,965181
-118.272081841985,51.5154062871572,77,905,DOWNIE,FDO,51.5154,-118.272067,757,2005/07/18 22:00:00+00,965182
-120.457135044187,49.4334859227317,78,836,AUGUST LAKE,FAK,49.43348,-120.45712,855,2003/05/25 22:00:00+00,965183
-122.504182841453,51.9594501940727,79,210,RISKE CREEK,FRK,51.959444,-122.504167,929,1992/04/02 23:00:00+00,965184
-123.595816660248,52.9575056905022,80,211,NAZKO,FNZ,52.9575,-123.5958,910,1995/05/21 22:00:00+00,965185
-125.30335005567,52.456672157777,81,213,ANAHIM LAKE,FAN,52.456667,-125.303333,1096,1990/07/23 22:00:00+00,965186
-123.818349503121,51.4800056132774,82,216,NEMIAH,FNM,51.48,-123.818333,1220,1991/06/08 22:00:00+00,965187
-121.162015767411,51.5070059404132,83,218,LONE BUTTE,FLB,51.507,-121.162,1158,1990/04/22 22:00:00+00,965188
-122.661682705214,51.4516724549979,84,222,GASPARD,FGA,51.451667,-122.661667,1675,1992/04/22 22:00:00+00,965189
-121.873846063411,52.0497258751852,85,225,KNIFE,FKN,52.04972,-121.87383,821,1992/05/08 22:00:00+00,965190
-121.741682879279,52.4700059085641,86,227,GAVIN,FGV,52.47,-121.741667,1081,1992/05/08 22:00:00+00,965191
-121.398349072331,52.327783945965,87,230,HORSEFLY,FHR,52.327778,-121.398333,701,1990/05/22 22:00:00+00,965192
-120.389948698529,51.7237890430375,88,232,COLDSCAUR LAKE,FCS,51.723783,-120.389933,1122,1978/12/31 23:00:00+00,965193
-121.389015935079,51.9130059294682,89,234,TIMOTHY,FTI,51.913,-121.389,1161,1998/07/19 22:00:00+00,965194
-120.184414918802,49.1390559385406,90,331,ASHNOLA,FAS,49.13905,-120.1844,1683,1991/09/19 22:00:00+00,965195
-119.415014783803,49.1483393255908,91,334,MCCUDDY,FMC,49.148333,-119.415,1067,1989/08/09 22:00:00+00,965196
-118.422931700221,50.6021562201834,92,352,CURWEN CREEK,FCW,50.60215,-118.422917,1286,1990/07/08 22:00:00+00,965197
-118.48708232902,51.6694362696736,93,919,GOLDSTREAM 2,FGE,51.66943,-118.487067,1333,2005/09/14 22:00:00+00,965198
-127.325834589112,54.6837882373864,94,938,PINE CREEK,FEE,54.683783,-127.325817,1320,2006/06/01 22:00:00+00,965199
-124.776739408317,53.9359777653076,95,654,HOLY CROSS 2,FHC,53.935972,-124.776722,961,1998/07/02 22:00:00+00,965200
-119.630015281577,50.8033393899807,96,286,TURTLE,FTU,50.803333,-119.63,640,1991/11/03 23:00:00+00,965201
-120.28831524646,50.2704559854657,97,291,GLIMPSE,FGL,50.27045,-120.2883,1381,1990/05/12 22:00:00+00,965202
-122.497904595411,50.5217279363992,98,292,DARCY,FDA,50.521722,-122.497889,330,1992/06/20 22:00:00+00,965203
-119.480015082965,50.2066727767216,99,298,FINTRY,FFI,50.206667,-119.48,670,1990/07/12 22:00:00+00,965204
-120.621085213605,49.9481159303282,100,302,ASPEN GROVE,FSG,49.94811,-120.62107,1065,1998/11/28 23:00:00+00,965205
-120.867165538444,50.9237059494008,101,305,SPARKS LAKE,FSK,50.9237,-120.86715,972,1991/03/16 23:00:00+00,965206
-122.880482540524,50.7963390018354,102,309,GWYNETH LAKE,FGW,50.796333,-122.880467,1205,1990/07/19 22:00:00+00,965207
-122.020715438311,49.9017857655873,103,316,NAHATLATCH,FNH,49.90178,-122.0207,552,2001/07/04 22:00:00+00,965208
-120.767434399178,49.0623197678669,104,317,ALLISON PASS,FAP,49.062314,-120.767419,1215,1989/05/09 22:00:00+00,965209
-120.481682096104,50.6733392829177,105,322,AFTON,FAF,50.673333,-120.481667,780,1989/03/16 23:00:00+00,965210
-120.674015380502,50.5040059518235,106,326,PASKA LAKE,FPK,50.504,-120.674,1440,1999/08/13 22:00:00+00,965211
-119.553348206668,49.5183393307993,107,328,PENTICTON RS,FPE,49.518333,-119.553333,427,1988/08/15 22:00:00+00,965212
-118.217181794425,51.0603395698333,108,363,REVELSTOKE,FRV,51.060333,-118.217167,680,1995/06/28 22:00:00+00,965213
-116.785014816867,51.0653397369923,109,366,WHISKEY,FWY,51.065333,-116.785,1354,1995/08/22 22:00:00+00,965214
-117.541681861256,51.7161730849124,110,374,SUCCOUR CREEK,FSU,51.716167,-117.541667,1000,1990/05/12 22:00:00+00,965215
-116.855114506587,49.9065063579919,111,380,POWDER CREEK,FPW,49.9065,-116.8551,1019,2001/07/03 22:00:00+00,965216
-117.879914834393,50.3830062705645,112,383,FALLS CREEK,FFC,50.383,-117.8799,790,2002/09/30 22:00:00+00,965217
-115.151847006395,49.287639505166,113,412,ELKO,FEK,49.287633,-115.151833,880,1997/10/01 22:00:00+00,965218
-115.758347599345,49.9444508830282,114,419,JOHNSON LAKE,FJL,49.944444,-115.758333,853,1989/04/11 22:00:00+00,965219
-116.383014381162,49.7845064036648,115,421,DEWAR CREEK,FDR,49.7845,-116.383,1608,1993/05/07 22:00:00+00,965220
-115.8483475439,49.6673064547186,116,426,CRANBROOK,FXC,49.6673,-115.848333,996,2001/06/28 22:00:00+00,965221
-129.09982700748,56.0127300047128,117,430,VAN DYKE,FVD,56.012725,-129.099808,296,1992/05/13 22:00:00+00,965222
-128.704768459753,55.5768383569847,118,433,CRANBERRY,FCB,55.576833,-128.70475,500,1995/07/31 22:00:00+00,965223
-120.486076994708,55.2957661721926,119,437,NOEL,FNE,55.29576,-120.48606,988,1996/06/18 22:00:00+00,965224
-125.511408744328,59.3336999468325,120,438,ELK MOUNTAIN,FEL,59.333694,-125.511389,437,1993/05/28 22:00:00+00,965225
-127.335159269789,59.7226719749073,121,440,FIRESIDE,FFS,59.722667,-127.335139,731,1996/05/16 22:00:00+00,965226
-123.637515329271,48.5297055162689,122,543,31N (CRD),31N,48.5297,-123.6375,600,2002/04/15 22:00:00+00,965227
-117.180514813615,50.7808396743634,123,385,DUNCAN,FDN,50.780833,-117.1805,1376,1992/05/20 22:00:00+00,965228
-118.626048157667,49.9599894612071,124,388,KETTLE 2,FKT,49.959983,-118.626033,1389,1987/08/08 22:00:00+00,965229
-118.578348007502,49.4328394360336,125,391,EIGHT MILE,FEM,49.432833,-118.578333,1338,1993/05/07 22:00:00+00,965230
-118.360347991542,49.5266728659615,126,393,NICOLL,FNI,49.526667,-118.360333,866,1988/10/27 22:00:00+00,965231
-118.93668137287,49.0520060729282,127,394,ROCK CREEK,FRC,49.052,-118.936667,609,1991/09/16 22:00:00+00,965232
-116.163847466963,49.1253396841881,128,401,GOATFELL,FGO,49.125333,-116.163833,1098,1993/04/10 22:00:00+00,965233
-117.447514511201,49.496672966617,129,404,SMALLWOOD,FLD,49.496667,-117.4475,997,1991/07/21 22:00:00+00,965234
-117.440014586291,49.784672985139,130,406,SLOCAN,FSL,49.784667,-117.44,1230,1991/10/12 22:00:00+00,965235
-117.994181251807,49.2545061906653,131,407,NANCY GREENE,FNG,49.2545,-117.994167,1397,1991/10/10 22:00:00+00,965236
-121.396678817394,58.838116139289,132,117,SIERRA,FSI,58.83811,-121.39666,584,1990/06/25 22:00:00+00,965237
-120.788935710303,59.4210062364556,133,118,HELMUT,FHE,59.421,-120.788917,598,1990/06/09 22:00:00+00,965238
-124.098529758563,59.6172857582926,134,119,NELSON FORKS,FNF,59.61728,-124.09851,604,1990/08/19 22:00:00+00,965239
-121.40740108293,57.3739891061556,135,120,SILVER,FSV,57.373983,-121.407383,835,2023/06/10 22:00:00+00,965240
-120.236818050441,57.781816278789,136,121,PADDY,FDY,57.78181,-120.2368,729,1992/10/02 22:00:00+00,965241
-122.457684545497,56.4346448386904,137,124,GRAHAM,FGM,56.434639,-122.457667,768,1995/05/18 22:00:00+00,965242
-125.310719550457,58.8658555724288,138,126,TOAD RIVER,FTD,58.86585,-125.3107,711,1995/04/29 22:00:00+00,965243
-122.590990367718,57.0875337355413,139,129,PINK MOUNTAIN,FPM,57.087528,-122.590972,989,1995/05/17 22:00:00+00,965244
-123.616318739563,57.8842558057093,140,131,MUSKWA,FMW,57.88425,-123.6163,780,1993/05/30 22:00:00+00,965245
-121.76544784685,56.7185060410192,141,136,WONOWON,FWO,56.7185,-121.76543,967,1990/04/30 22:00:00+00,965246
-120.576226749877,54.6330361376384,142,138,RED DEER,FRD,54.63303,-120.57621,1306,1996/05/15 22:00:00+00,965247
-122.517117462234,55.5249859076498,143,140,LEMORAY,FEY,55.52498,-122.5171,757,1995/06/19 22:00:00+00,965248
-123.097015485823,49.4400056191674,144,554,CAPILANO GVRD,CAP,49.44,-123.097,400,2000/12/30 23:00:00+00,965249
-122.950015474,49.4830056378796,145,555,SEYMOUR GVRD,CEY,49.483,-122.95,390,2000/12/30 23:00:00+00,965250
-122.770015419481,49.3860056542159,146,556,COQUITLAM GVRD,COQ,49.386,-122.77,430,2000/12/30 23:00:00+00,965251
-122.573519045818,58.8418948699968,147,599,FORT NELSON FS,FYE,58.841889,-122.5735,384,1999/07/10 22:00:00+00,965252
-125.788682767533,50.0486386237666,148,19,MENZIES CAMP,FMZ,50.048633,-125.788667,438,1992/06/04 22:00:00+00,965253
-123.474432066941,48.7728944456743,149,45,SALTSPRING 2,FSS,48.772889,-123.474417,18,2001/04/22 22:00:00+00,965254
-124.702237933688,49.4368387306638,150,56,BOWSER,FBO,49.436833,-124.702222,121,1989/07/12 22:00:00+00,965255
-123.874748801049,49.0476222115761,151,59,CEDAR,FCE,49.047617,-123.874733,30,1989/05/10 22:00:00+00,965256
-122.573298653828,49.2645056715983,152,72,UBC RESEARCH,FUB,49.2645,-122.573283,162,1990/04/07 22:00:00+00,965257
-124.077182663553,50.5710055487317,153,75,TOBA CAMP,FTP,50.571,-124.077167,43,1998/06/29 22:00:00+00,965258
-125.028071899182,51.1891165536695,154,82,SCAR CREEK,FCC,51.189111,-125.028056,116,1995/07/30 22:00:00+00,965259
-123.161904591787,49.7823946263037,155,83,SQUAMISH AP (EC),WSK,49.782389,-123.161889,60,1983/04/30 22:00:00+00,965260
-132.115627940906,53.2531745732843,156,93,HONNA,FHN,53.25317,-132.11561,21,1990/06/15 22:00:00+00,965261
-126.450783337352,51.5931219882393,157,101,MACHMELL,FAL,51.593117,-126.450767,332,1997/07/07 22:00:00+00,965262
-128.575867857261,54.1696050602136,158,106,KITPARK,FKI,54.1696,-128.57585,75,1995/07/12 22:00:00+00,965263
-130.018736729629,58.4257878734718,159,108,DEASE LAKE FS,FDL,58.425783,-130.018717,800,1996/05/08 22:00:00+00,965264
-133.664404145742,59.5844873061465,160,111,ATLIN,FAT,59.584483,-133.664383,729,1990/09/11 22:00:00+00,965265
-130.250819316479,56.9809878414435,161,113,BOB QUINN LAKE,FBQ,56.980983,-130.2508,609,1991/04/15 22:00:00+00,965266
-122.274183789831,54.7161726171741,162,144,TABLE RIVER,FTA,54.716167,-122.274167,760,1989/01/15 23:00:00+00,965267
-125.180407485662,57.0194222702776,163,145,INGENIKA POINT,FIN,57.019417,-125.180389,680,1995/05/22 22:00:00+00,965268
-124.260989501554,54.3940889447931,164,146,FORT ST JAMES,FFJ,54.394083,-124.260972,750,1992/07/15 22:00:00+00,965269
-125.367990491402,56.3187833329518,165,148,BLACKPINE,FBP,56.318778,-125.367972,1126,1995/06/20 22:00:00+00,965270
-122.682934069461,54.4824388565706,166,149,BEAR LAKE,FRL,54.482433,-122.682917,715,1988/11/21 23:00:00+00,965271
-123.365577975115,56.3643358119135,167,151,NABESHE,FSH,56.36433,-123.36556,1108,1995/06/15 22:00:00+00,965272
-126.116779147773,57.8517554463327,168,152,SIFTON,FSF,57.85175,-126.11676,985,1995/01/30 23:00:00+00,965273
-123.078683933587,54.7255336104976,169,153,MCLEOD LAKE,FOD,54.725528,-123.078667,915,1994/09/07 22:00:00+00,965274
-124.266628653038,55.0230356592711,170,154,WITCH,FWT,55.02303,-124.266611,1030,1994/09/15 22:00:00+00,965275
-123.135867470633,55.2863728178903,171,155,MACKENZIE FS,FMM,55.286367,-123.13585,697,1994/09/06 22:00:00+00,965276
-124.008878229093,54.055811269517,172,158,VANDERHOOF HUB,FVN,54.055806,-124.008861,678,1996/07/17 22:00:00+00,965277
-123.754147125345,54.1546357058947,173,159,NORTH CHILCO,FNR,54.15463,-123.75413,850,1995/06/02 22:00:00+00,965278
-126.052629219443,55.6882276278619,174,163,LOVELL COVE,FLC,55.688222,-126.052611,990,1994/05/26 22:00:00+00,965279
-125.412166987543,53.0714654597118,175,165,MOOSE LAKE,FMO,53.07146,-125.41215,1109,1991/08/06 22:00:00+00,965280
-117.175688926694,51.175346397367,176,1790,CARIBOO CREEK,FCC,51.17534,-117.175674,1529,2021/09/02 20:40:34+00,965281
-125.525367489706,54.3618884748796,177,167,AUGIER LAKE,FAU,54.361883,-125.52535,918,1983/12/31 23:00:00+00,965282
-125.779333901622,53.5024384218095,178,170,EAST OOTSA,FEO,53.502433,-125.779317,1089,1989/10/30 23:00:00+00,965283
-125.477417772351,55.0818354965294,179,171,LEO CREEK,FLE,55.08183,-125.4774,915,1994/05/26 22:00:00+00,965284
-126.577468134791,55.5378553530767,180,172,NILKITKWA,FNL,55.53785,-126.57745,978,1991/05/15 22:00:00+00,965285
-121.56034979278,53.4631448682584,181,193,BOWRON HAGGEN,FBW,53.463139,-121.560333,945,1991/07/18 22:00:00+00,965286
-120.911682883205,52.9100060294382,182,263,MATHEW,FEW,52.91,-120.911667,1108,1991/07/18 22:00:00+00,965287
-121.888198938898,50.6720225157581,183,280,LILLOOET,FLL,50.672017,-121.888183,408,1989/09/17 22:00:00+00,965288
-116.24491463839,50.8193064837616,184,865,BRISCO,FRO,50.8193,-116.2449,930,2004/05/11 22:00:00+00,965289
-122.24894915236,51.1774724936802,185,306,FRENCH BAR,FFB,51.177467,-122.248933,1320,1992/04/22 22:00:00+00,965290
-127.034268555626,56.3287352994378,186,156,SUSTUT,FST,56.32873,-127.03425,871,1995/06/08 22:00:00+00,965291
-125.876084082449,53.9453884194923,187,161,GRASSY PLAINS HUB,FGP,53.945383,-125.876067,944,1989/10/30 23:00:00+00,965292
-124.646915587223,48.927572117355,188,11,SUMMIT,FUT,48.927567,-124.6469,680,1991/10/08 22:00:00+00,965293
-126.607066231647,50.2131219296847,189,21,WOSS CAMP,FWS,50.213117,-126.60705,156,1989/11/21 23:00:00+00,965294
-124.933625751796,49.3775054008272,190,37,BEAVER CREEK,FBC,49.3775,-124.93361,121,1987/07/25 22:00:00+00,965295
-121.525981912634,49.3806057975019,191,67,HAIG CAMP,FHA,49.3806,-121.525967,38,2002/05/30 22:00:00+00,965296
-128.85981819995,54.9167380290595,192,105,ROSSWOOD,FRS,54.916733,-128.8598,239,1989/12/31 23:00:00+00,965297
-131.171169906507,57.9141377040123,193,110,TELEGRAPH CREEK,FTC,57.914133,-131.17115,382,1988/07/12 22:00:00+00,965298
-130.018269728887,57.8615048751718,194,112,ISKUT,FIK,57.8615,-130.01825,890,1992/12/02 23:00:00+00,965299
-120.934066971774,55.0273661038911,195,127,TUMBLER HUB,FTB,55.02736,-120.93405,942,1988/12/12 23:00:00+00,965300
-118.914715288955,51.2735231988289,196,344,SEYMOUR ARM,FSM,51.273517,-118.9147,511,1990/07/01 22:00:00+00,965301
-118.102515357488,51.9972263330079,197,361,TSAR CREEK,FTS,51.99722,-118.1025,1200,1990/05/12 22:00:00+00,965302
-122.688904743912,50.910891829981,198,1029,FIVE MILE,FFM,50.910886,-122.688889,865,2008/08/06 22:00:00+00,965303
-116.793331389557,50.6126231092052,199,1092,RORY CREEK,FRE,50.612617,-116.793317,1580,2010/10/05 22:00:00+00,965304
-125.575616072221,50.1710053528899,200,1408,TS BLACKWATER,,50.171,-125.5756,296,2021/03/22 22:00:00+00,965305
-115.541680759569,49.1877842562344,201,791,CHERRY LAKE,FYL,49.187778,-115.541667,1372,1999/08/30 22:00:00+00,965306
-122.320185933512,51.4027257941894,202,832,CHURN CREEK,FCH,51.40272,-122.32017,1100,2003/04/13 22:00:00+00,965307
-116.746414361014,49.4358063403248,203,838,AKOKLI CREEK,FAE,49.4358,-116.7464,821,2002/12/30 23:00:00+00,965308
-118.591404305984,51.8533395664222,204,868,BIG MOUTH 2,FBT,51.853333,-118.591389,1091,2004/06/13 22:00:00+00,965309
-119.124081897442,49.767223093411,205,876,IDABEL LAKE 3,FIA,49.767217,-119.124067,1261,2004/07/31 22:00:00+00,965310
-115.214458516184,49.6673065248187,206,886,GOATHAVEN,FGN,49.6673,-115.214444,1051,2003/12/30 23:00:00+00,965311
-124.137098781527,48.8228887715337,207,934,MESACHIE 2,FMH,48.822883,-124.137083,183,2006/05/02 22:00:00+00,965312
-124.200571025355,48.5711165533949,208,944,TS SAN JUAN,FSJ,48.571111,-124.200556,296,2006/07/31 22:00:00+00,965313
-121.990227584962,56.0347059924689,209,132,HUDSON HOPE,FHH,56.0347,-121.99021,704,1988/12/31 23:00:00+00,965314
-124.231997780391,55.5798856765559,210,141,MANSON,FNS,55.57988,-124.23198,1047,1969/12/31 23:00:00+00,965315
-126.617584368312,54.3939053284513,211,162,HOUSTON,FHU,54.3939,-126.617567,608,1989/08/15 22:00:00+00,965316
-124.512096960645,53.3830555851329,212,166,KLUSKUS,FKK,53.38305,-124.51208,1137,1991/08/03 22:00:00+00,965317
-126.799684956069,55.0339553149406,213,169,UPPER FULTON,FUF,55.03395,-126.799667,900,1991/04/24 22:00:00+00,965318
-126.207284607534,55.1345220971853,214,173,NORTH BABINE,FNB,55.134517,-126.207267,951,1991/05/16 22:00:00+00,965319
-126.927834238542,53.9424882787858,215,179,NADINA,FND,53.942483,-126.927817,954,1989/11/01 23:00:00+00,965320
-127.399434356593,54.0747382177645,216,180,MCBRIDE LAKE,FMB,54.074733,-127.399417,810,1993/05/11 22:00:00+00,965321
-120.635710894334,53.9288950039652,217,192,MCGREGOR 2,FRG,53.928889,-120.635694,975,1995/06/01 22:00:00+00,965322
-119.314825846517,52.7880562236235,218,200,VALEMOUNT 2,FVL,52.78805,-119.31481,1195,1993/07/03 22:00:00+00,965323
-124.605016463883,51.9066722296272,219,208,TATLA LAKE,FTL,51.906667,-124.605,945,1990/07/18 22:00:00+00,965324
-123.273283009277,52.0837757029056,220,209,ALEXIS CREEK,FAC,52.08377,-123.273267,791,1979/12/31 23:00:00+00,965325
-122.000016010149,51.816672550575,221,212,PLACE LAKE,FPL,51.816667,-122,1065,1988/10/31 23:00:00+00,965326
-124.482266715927,52.7101055699218,222,221,BALDFACE,FBF,52.7101,-124.48225,1666,1992/04/29 22:00:00+00,965327
-124.875016438217,51.7016721895033,223,226,MIDDLE LAKE,FMD,51.701667,-124.875,915,1992/07/05 22:00:00+00,965328
-122.065016386431,52.9100058844313,224,228,BENSON,FBN,52.91,-122.065,1006,1990/08/05 22:00:00+00,965329
-126.028383494634,52.2513553588566,225,233,TALCHAKO,FTO,52.25135,-126.028367,270,1997/07/10 22:00:00+00,965330
-120.094582616309,51.6289060746424,226,239,CLEARWATER HUB,FCL,51.6289,-120.094567,440,1990/08/09 22:00:00+00,965331
-120.608015814788,51.9670060276856,227,251,DECEPTION,FDE,51.967,-120.608,1170,1998/07/19 22:00:00+00,965332
-120.243765870533,52.3426390890679,228,266,WELLS GRAY,FWG,52.342633,-120.24375,968,1995/07/06 22:00:00+00,965333
-119.175348709429,52.4526062252142,229,270,GOSNEL,FOS,52.4526,-119.175333,1873,1996/05/23 22:00:00+00,965334
-119.992532080216,49.8684229988115,230,283,BRENDA MINES,FBI,49.868417,-119.992517,1476,1989/06/13 22:00:00+00,965335
-122.728798970353,50.3059389994453,231,301,PEMBERTON BASE,FPB,50.305933,-122.728783,204,2001/05/29 22:00:00+00,965336
-120.83611544204,50.6152559386431,232,307,LEIGHTON LAKE,FLG,50.61525,-120.8361,1167,1989/08/28 22:00:00+00,965337
-121.358165583755,50.7923058840451,233,311,MCLEAN LAKE,FMK,50.7923,-121.35815,1123,1988/10/16 22:00:00+00,965338
-118.773348294898,50.3516728659001,234,362,MABEL LAKE 2,FMA,50.351667,-118.773333,548,1986/12/31 23:00:00+00,965339
-116.363848026657,51.0421731835735,235,367,MARION,FAR,51.042167,-116.363833,1300,1991/10/05 22:00:00+00,965340
-117.064514672574,50.3658396628774,236,379,GOLD HILL,FGH,50.365833,-117.0645,800,1992/05/20 22:00:00+00,965341
-117.427237010222,50.605284135653,237,387,TROUT LAKE,FTR,50.605278,-117.427222,991,1990/06/01 22:00:00+00,965342
-119.088625906731,49.4563949799014,238,390,BEAVERDELL,FBV,49.456389,-119.088611,807,1989/04/12 22:00:00+00,965343
-118.415614572656,49.0307061303648,239,392,GRAND FORKS,FGF,49.0307,-118.4156,630,1989/05/15 22:00:00+00,965344
-118.081014685189,49.699006207967,240,396,OCTOPUS CREEK,FOC,49.699,-118.081,1432,2000/09/08 22:00:00+00,965345
-117.413903289356,49.0505618421559,241,402,PENDOREILLE,FPN,49.050556,-117.413889,725,1990/05/12 22:00:00+00,965346
-115.666458830072,50.4946176295978,242,411,PALLISER,FLR,50.494611,-115.666444,1100,1997/09/28 22:00:00+00,965347
-116.055347814856,50.5128397867476,243,417,TOBY HUB,FTY,50.512833,-116.055333,894,1989/04/18 22:00:00+00,965348
-114.537352728416,49.0791454569404,244,418,FLATHEAD 2,FFH,49.079139,-114.537339,1311,1993/05/29 22:00:00+00,965349
-115.97724439739,50.1450864717934,245,425,EMILY CREEK,FEC,50.14508,-115.97723,1190,2002/09/30 22:00:00+00,965350
-128.998468374615,55.2886050133511,246,427,NASS CAMP,FNC,55.2886,-128.99845,191,1989/10/28 22:00:00+00,965351
-127.648718249554,55.4343052030808,247,428,KISPIOX HUB,FKX,55.4343,-127.6487,335,1989/08/26 22:00:00+00,965352
-128.311601171633,55.0301721061972,248,429,CEDARVALE,FCV,55.030167,-128.311583,274,1989/08/28 22:00:00+00,965353
-128.047801379051,55.6014551495884,249,431,UPPER KISPIOX,FUX,55.60145,-128.047783,410,1989/08/25 22:00:00+00,965354
-129.292868887656,56.3485879786946,250,432,BELL-IRVING,FLI,56.348583,-129.29285,388,1995/06/06 22:00:00+00,965355
-129.111037131446,59.3673720073941,251,445,BOYA LAKE,FBY,59.367367,-129.111017,730,1995/06/21 22:00:00+00,965356
-114.900414162471,50.082036587909,252,788,ROUND PRAIRIE,FDP,50.08203,-114.9004,1647,2001/06/20 22:00:00+00,965357
-115.267653164985,50.1850065541366,253,790,WHITE RIVER,FWR,50.185,-115.267639,1357,2000/08/16 22:00:00+00,965358
-121.358081959333,49.6551058306583,254,977,ANDERSON CREEK,FAD,49.6551,-121.358067,630,2007/05/16 22:00:00+00,965359
-126.928249553321,50.1324218878758,255,995,TS ARTLISH,FRT,50.132417,-126.928233,130,2007/08/21 22:00:00+00,965360
-121.551515512564,50.4387002456866,256,1024,SKOONKA,FKO,50.438694,-121.5515,1557,2008/07/10 22:00:00+00,965361
-123.613904316032,48.4944495166351,257,1142,14G (CRD),14G,48.494444,-123.613889,485,2012/08/25 22:00:00+00,965362
-125.366684549312,55.3072277156826,258,1345,SAWTOOTH,saw,55.307222,-125.366667,600,2018/11/04 23:00:00+00,965363
-126.388906388037,54.0186720528243,259,183,PARROTT,FPA,54.018667,-126.388889,1259,1995/07/23 22:00:00+00,965364
-128.566684975645,54.4666720646179,260,1994,TERRACE AIRPORT QD,,54.466667,-128.566667,218,2022/04/26 08:21:00+00,965365
-119.300014755908,49.116673036181,261,2170,INKANEEP 2 EXT,,49.116667,-119.3,1406,2022/06/23 12:37:51+00,965366
-119.467515429683,51.3967061386662,262,2513,NORTH ADAMS,,51.3967,-119.4675,675,2022/09/29 06:16:00+00,965367
-115.987214216066,49.4539064258333,263,2450,BIGATTINI,,49.4539,-115.9872,1540,2001/06/20 13:51:00+00,965368
-119.675115581788,51.7650061323545,264,2512,RAFT,,51.765,-119.6751,920,2022/09/29 06:09:00+00,965369
-119.687945338502,50.961949090788,265,3090,ADAMS LAKE SOUTH PRECIP,,50.961943,-119.68793,449,2023/09/19 19:09:36+00,965370
-118.520298720329,52.8642603250779,266,3190,ROCKINGHAM,,52.864254,-118.520283,1123,2023/09/06 12:18:00+00,965371
-114.866681084018,49.8166735734795,267,3110,SPARWOOD,SPR,49.816667,-114.866667,1208,2023/09/26 18:01:01+00,965372
-118.774280650337,52.5073972768438,268,3191,GOATLICK,,52.507391,-118.774265,957,2023/10/13 12:47:00+00,965373
